title,company,salary,location,duration,link,date
Backend Developer,Growup Investment Solutions Pvt Ltd,"₹25,000 - ₹1,00,000 a month",Remote,Not specified,/rc/clk?jk=dce2c388b3e6e8f4&bb=t4_xc9Hyga4YPFEdrf2CtpN82Wg86cfG3EWgUrEBlXStZCZcboZtzAnt7ADfzxwDJPNGAF3SXT7BX2AjrVD0BC18yXQcchJ-1_HQpEabTrA%3D&xkcb=SoBK67M3DSdI6mwHNp0LbzkdCdPP&fccid=c983b0f5ff9155db&cmp=Growup-Investment-Solutions-Pvt-Ltd&ti=Back+End+Developer&vjs=3,Active 2 days ago
Backend Development Intern,VsCodeHelp,"₹30,000 - ₹35,000 a month",Remote,Not specified,/rc/clk?jk=de84274bb384ae80&bb=t4_xc9Hyga4YPFEdrf2Cto4YYHBR7aHAEVXxt1JijSq54LwxZx7jo5Ph5sOBa65mezGrLdzLuj8BKkeV3vnHW_y5ofMqRck04zhVo5IKwjg%3D&xkcb=SoD-67M3DSdI6mwHNp0KbzkdCdPP&fccid=40268fa4efd54210&cmp=VsCodeHelp&ti=Development+Intern&vjs=3,Active 2 days ago
Backend Developer Intern,Vingsfire HRIM Pvt Ltd,"₹3,22,586.06 - ₹15,90,655.25 a year",Remote,Not specified,/rc/clk?jk=ccb7d2e5357e5506&bb=t4_xc9Hyga4YPFEdrf2CtnAq3SUcx-zTkbSfTkV0VFxtmWNHHshlptUQ5Y6heLz9MR003dx69IKYERIWuqSXenvizFsqBak48V8aBe_MUfs%3D&xkcb=SoBj67M3DSdI6mwHNp0JbzkdCdPP&fccid=13d7f52e79bca49b&cmp=Vingsfire&ti=Back+End+Developer&vjs=3,Active 2 days ago
Backend Developer,Symplique Solutions,"₹2,40,000 - ₹5,00,000 a year",Remote,Not specified,/rc/clk?jk=11bb29f5a1c17987&bb=t4_xc9Hyga4YPFEdrf2CtljYIfLVx-7yieNMIac-YztXhlG_3dG19qXaXwK6KfWfZOaLigEpO0TJuXyU3xIh8pEb744Dakva50NcRLZbMlc%3D&xkcb=SoDX67M3DSdI6mwHNp0IbzkdCdPP&fccid=e0645b3de2f49a1d&cmp=Educademy-LLP&ti=Back+End+Developer&vjs=3,Active 2 days ago
Backend Developer Intern,apnabot,"₹3,000 a month",Remote,Not specified,/rc/clk?jk=b7a6fdeba09a4bf1&bb=t4_xc9Hyga4YPFEdrf2CtvhqU1kTgHNu15SrostVR6UssxPALD65KqSQkNG3uUKuYUs9B8nNHhUm3b51_fQEDhp0ITYDiUVB8UX_R878rSA%3D&xkcb=SoBZ67M3DSdI6mwHNp0PbzkdCdPP&fccid=65d71532699d5478&cmp=apnabot&ti=Back+End+Developer&vjs=3,Active 20 days ago
Freelance Web Developer,hop,"₹9,676.51 - ₹42,491.85 a month",Remote,Not specified,/rc/clk?jk=45859d8e7871eff6&bb=t4_xc9Hyga4YPFEdrf2CtmnKVvvgUQF54y9WL6lDMV-DuaAUdW72qPVjVX75NAt5jL5BvgKOh1RBEdeB-qH9k05W4YyO7I8MybPh0bVRUVY%3D&xkcb=SoDt67M3DSdI6mwHNp0ObzkdCdPP&fccid=83886bcc38b2c6b0&cmp=HEINRICH-CORPORATION-INDIA-PVT-LTD&ti=Web+Developer&vjs=3,Active 12 days ago
Frontend Developer Internship,Lizmotors Mobility Pvt Ltd.,"₹20,000 - ₹25,000 a month",Remote,Not specified,/rc/clk?jk=def6f1768d03dbd3&bb=t4_xc9Hyga4YPFEdrf2CtkGY8c8ddrU8hoA4WQkVwGmagy1GEb5u5x8iTXBLGo70poT-rZvjiSRjIT7LMasXxfBDhBJY3iWmtqZPbxu0Nqk%3D&xkcb=SoBw67M3DSdI6mwHNp0NbzkdCdPP&fccid=ec579aa5cfcdfb3a&cmp=Lizmotors-Mobility-Pvt-Ltd.&ti=Front+End+Developer&vjs=3,Active 2 days ago
Backend Developer,Tidal Vape Ltd,"₹45,000 - ₹55,000 a month",Remote,Not specified,/rc/clk?jk=2fc914b14f9fe30c&bb=t4_xc9Hyga4YPFEdrf2CttKQ8q6buqNaPvGTE2CVIkLL3u3-cgbiPazcHNYtDOSBuljTksGewEEUXu8JeBivM5yxypZKEtcA_DXUD2aeREM%3D&xkcb=SoDE67M3DSdI6mwHNp0MbzkdCdPP&fccid=252a663c3d9835fd&cmp=OFS-ta-Tidal-Vape&ti=Back+End+Developer&vjs=3,Active 4 days ago
Front End Developer,Code Symphony,"₹3,00,000 - ₹4,20,000 a year",Remote,Not specified,/rc/clk?jk=db9e7803d90570d9&bb=t4_xc9Hyga4YPFEdrf2Ctpq4xkp-KMZEYJM6XA2mnN6vI7rxOe7wVppYsiQS-G6y4R-_gEjvHqlOxm0vsIRtSggLF0A9u7c_ZcYQRdQRaU0%3D&xkcb=SoAt67M3DSdI6mwHNp0DbzkdCdPP&fccid=0a6846278ec7bf82&cmp=Code-Symphony&ti=Front+End+Developer&vjs=3,Active 2 days ago
Software Developer,Gururo,,Remote,Not specified,/rc/clk?jk=7ae48a32324a57b4&bb=t4_xc9Hyga4YPFEdrf2CtjQtSQxkM-Wmwj4VhwqFniTSVbCZQSZ3M7viBcautMaAACkI2DFJQjBKl1E5S0YByJ1xQ-lDvCUQHywX848l_sM%3D&xkcb=SoCZ67M3DSdI6mwHNp0CbzkdCdPP&fccid=6984e871e2c14c3e&vjs=3,Posted 9 days ago
Backend Developer,Velocida Private Limited,"₹15,00,000 - ₹20,00,000 a year",Remote,Not specified,/rc/clk?jk=39f8e86d196dfb86&bb=t4_xc9Hyga4YPFEdrf2CtlS2yAilTrxwKYFTtAVNHLPjF3ptzvvwUdbbHdNYAdPKZpY4irf0vJTciuUfRro4BivUaTSsks9zxUrz734aONk%3D&xkcb=SoAE67M3DSdI6mwHNp0BbzkdCdPP&fccid=5e6e21fd04d583c6&cmp=Velocida-Private-Limited&ti=Back+End+Developer&vjs=3,Active 17 days ago
Backend Developer,Code Symphony,"₹4,00,000 - ₹7,00,000 a year",Remote,Not specified,/rc/clk?jk=b09ef001bce39959&bb=t4_xc9Hyga4YPFEdrf2CttQoJltp1yPbY5q8Y_p6Bh5P0SfRS3QWTYuQEgu4cbPGosPSymm2cB_yTEugHg7JEDCdSNzCgNB3zwIcKeyhTxQ%3D&xkcb=SoCw67M3DSdI6mwHNp0AbzkdCdPP&fccid=0a6846278ec7bf82&cmp=Code-Symphony&ti=Back+End+Developer&vjs=3,Active 2 days ago
Backend Developer (Node.js),Serendipity Corporate Services,"Up to ₹20,00,000 a year",Remote,Not specified,/rc/clk?jk=86da87198d84b662&bb=t4_xc9Hyga4YPFEdrf2CtlS2yAilTrxwts91nhQe158MWFDZYQ2nVqzgCULBt--l_5e4Mz7kkOoXyeQJ0kftOZnioAwYFNOyr5rlCE3-aPk%3D&xkcb=SoA-67M3DSdI6mwHNp0HbzkdCdPP&fccid=33b7955d113d73b9&cmp=Serendipity-Corporate-Services&ti=Back+End+Developer&vjs=3,Active 4 days ago
Employment Visa Sponsorship to USA,Tp it group,,Remote,Not specified,/rc/clk?jk=583453917f0f2455&bb=t4_xc9Hyga4YPFEdrf2CtjHu-V92mlEMpe3nPouevhv2U01QhFPBd4ZZvOc7woOtjIpN3reH8LHstlpdl-agtOUYjZJ2kX1kWPiIqB9pY_g%3D&xkcb=SoCK67M3DSdI6mwHNp0GbzkdCdPP&fccid=b7426346237577a2&cmp=Tp-it-group&ti=Employment+Visa+Sponsorship+to+USA&vjs=3,Active 11 days ago
Application Developer (Entry Level),Liventus,,Remote,Not specified,/rc/clk?jk=0fe1465a09f4e5cb&bb=t4_xc9Hyga4YPFEdrf2Ctv5Zq2I9EQMdkXhnPnV3ucae1v7zhD-bC-1HAfZejnXKlEgvC7wsWTq2clG6mrt1uhOCPzaGbMDRk3hQaXsLnH4%3D&xkcb=SoAX67M3DSdI6mwHNp0FbzkdCdPP&fccid=9b2b8770d24effb2&vjs=3,Posted 15 days ago
MERN Stack Junior Developer,Centre for Advanced Practical Project Management,"From ₹4,00,000 a year",Remote,Not specified,/rc/clk?jk=57cc36d1868244ee&bb=1WleVgRJwzEjRBo9Ed8V8qcF3OpLEBQYAxwwtII9nVH0hF_qKSDy9OLZuM2TYZjgu-NOqPxOOSfAfTGpzw6letqJ2DbJo79pgx1hm5ZfK-A%3D&xkcb=SoAj67M3DSdGQOgIkL0LbzkdCdPP&fccid=7c0e204a48cf41ee&cmp=Centre-for-Advanced-Practical-Project-Management&ti=Junior+Developer&vjs=3,Active 7 days ago
Backend Developer,Npro Technologies,"₹11,352.90 - ₹19,516.36 a month",Remote,Not specified,/rc/clk?jk=e36640d69572d123&bb=1WleVgRJwzEjRBo9Ed8V8mI6b3YMmPW3RRLVvsd4zb2WdEJS3_2oeZjcpkH-kQUZXw8hGsD2cPpgfbQj-W6gGbZeeyhjFyTKTpXcwT6HDsw%3D&xkcb=SoCX67M3DSdGQOgIkL0KbzkdCdPP&fccid=d47184b6afec7f2e&cmp=Npro-Technologies&ti=Back+End+Developer&vjs=3,Posted 1 day ago
SQL Developer - Integration Specialist,Kodehash Technologies Pvt Ltd,"From ₹1,25,000 a month",Remote,Not specified,/rc/clk?jk=603b10f8c9df3ed0&bb=1WleVgRJwzEjRBo9Ed8V8p6xTdGFKxF-z0m_AYEePoHSvBV7ZDakGYjtTMYiHqQk2wwJaIEbz5HQSqTKR8sa7fkFOg6DdC9LQ3_EQ6rTtkw%3D&xkcb=SoAK67M3DSdGQOgIkL0JbzkdCdPP&fccid=a965712a62c1b4cb&cmp=Kodehash-Technologies-Pvt-Ltd&ti=SQL+Developer&vjs=3,Active 2 days ago
SQL Developer,Technology Next,"₹75,000 - ₹80,000 a month",Remote,Not specified,/rc/clk?jk=1eada957cac15fc1&bb=1WleVgRJwzEjRBo9Ed8V8lWOhYBBF9rO74RR_lBnCUO0Dzno17ZWX0g9hX_MRCdcE5JVYNItmxPrmjkHJO5vuQCcb7aVraIEVjqTysv46W0%3D&xkcb=SoC-67M3DSdGQOgIkL0IbzkdCdPP&fccid=a4680fe5f98c4dc4&cmp=Technology-Next&ti=SQL+Developer&vjs=3,Active 2 days ago
Angular Frontend Developer,Project 42 Labs,"₹15,00,000 - ₹20,00,000 a year",Remote,Not specified,/rc/clk?jk=d23e2ed36d7b32ca&bb=1WleVgRJwzEjRBo9Ed8V8vMuLIWkuwxtJ5DNlZuwB3MoovIx1gbhYtAP-PfeoT_EFHKW-OZEesjRuBNARCF1yWKH9uHrHDHdAgwDofEgpDM%3D&xkcb=SoAw67M3DSdGQOgIkL0PbzkdCdPP&fccid=1908566e513b6fb7&cmp=Project-42-Labs&ti=Front+End+Developer&vjs=3,Active 2 days ago
Backend Developer Trainee,Threeway Studio,,Remote,Not specified,/rc/clk?jk=328130025ead116a&bb=1WleVgRJwzEjRBo9Ed8V8iHGNvdvM1LxW4Td2HJc0y5-v8X79hLW5M3ZB693vLn56jCMPJiKZ3HFBKUXQ2RrGOcCCNvGetbd0Kcn8O79yxc%3D&xkcb=SoCE67M3DSdGQOgIkL0ObzkdCdPP&fccid=e2bcf991dd014339&cmp=Threeway-Studio&ti=Back+End+Developer&vjs=3,Active 2 days ago
Full-time Angular developer,Kalaakaar Makerspace,"₹40,000 - ₹45,000 a month",Remote,Not specified,/rc/clk?jk=e9ae5dcd7e93a196&bb=1WleVgRJwzEjRBo9Ed8V8kT8scN2K3Pah3UDTb1L_Y5v0sLi-v5ieHTwkkMSiNLNj4taVFMocwCkH2FS176BEVFy_axGUsulLV4uhYrFreo%3D&xkcb=SoAZ67M3DSdGQOgIkL0NbzkdCdPP&fccid=8ffa413d8dbe38ca&cmp=Kalaakaar-Makerspace&ti=Developer&vjs=3,Posted 1 day ago
React JS - FrontEnd Developer,Uplers,"₹2,32,000 a month",Remote,Not specified,/rc/clk?jk=ab164b6eea9afe73&bb=1WleVgRJwzEjRBo9Ed8V8ihh-pJBNpw46u-1rhuIEqKpg-0EmUaREdekPWRkyrLWjWoJ4NBSvl_WwCUU48sXerT4iwaSf3UoeuI-UZ4P1wg%3D&xkcb=SoCt67M3DSdGQOgIkL0MbzkdCdPP&fccid=0e2f08d304beb5b1&cmp=Uplers&ti=Front+End+Developer&vjs=3,Posted 2 days ago
Frontend Angular Developer - WFH,Uplers,"₹1,16,666 - ₹1,66,666 a month",Remote,Not specified,/rc/clk?jk=c3ad4336a1c09693&bb=1WleVgRJwzEjRBo9Ed8V8pgMj_-xYZR24fYEizkLnB0d-Blt1Bz57KXTIL8b4Y6XM-NAOTe62BRVfQ0eaZFavWIiaeywSJ9Ni7EPTnSO3w8%3D&xkcb=SoBE67M3DSdGQOgIkL0DbzkdCdPP&fccid=0e2f08d304beb5b1&cmp=Uplers&ti=Front+End+Developer&vjs=3,Active 12 days ago
Backend Developer Spring Boot/Java (m/f/d),MSC Munich Strategy Consulting GmbH,"From ₹80,000 a month",Remote,Not specified,/rc/clk?jk=f4c4e4c5480a34a2&bb=1WleVgRJwzEjRBo9Ed8V8lWC49PraLdnoGTuEMDt7mv8VeQyTUUpRq75GouFhdG_F6gfNI_nR7E_Fto6mh4lnKYDTG4VWVe287pZqslJkwk%3D&xkcb=SoDw67M3DSdGQOgIkL0CbzkdCdPP&fccid=c39ca13fd1488f82&cmp=MSC-Munich-Strategy-Consulting-GmbH&ti=Back+End+Developer&vjs=3,Active 2 days ago
Flutter Developer,Subhx Infotech OPC Private Limited,"₹35,000 - ₹60,000 a month",Remote,Not specified,/rc/clk?jk=116b318bc5d596f8&bb=1WleVgRJwzEjRBo9Ed8V8lWC49PraLdnRh4GMHIYtSHhTBNyGC1cDrfj9SW8J-GAwE8Qu2sFLjhe9KuXVFuz7qkOsB4siFLEBRKXEkQ2yQM%3D&xkcb=SoBt67M3DSdGQOgIkL0BbzkdCdPP&fccid=43b721f1ac3008b1&cmp=Subhx-Infotech-OPC-Private-Limited&ti=Developer&vjs=3,Today
Python Developer | Backend,Uplers,,Remote,Not specified,/rc/clk?jk=bf99696e7dae5542&bb=1WleVgRJwzEjRBo9Ed8V8ixMoiWfhQJsX_1xOKpgfGzLdt_BSYQMhxFP1ZHYhqXJ1LlTNTpEtNlkc-eOLfuE9izHxIMYM6mR_FLOH484Q4U%3D&xkcb=SoDZ67M3DSdGQOgIkL0AbzkdCdPP&fccid=0e2f08d304beb5b1&cmp=Uplers&ti=Python+Developer&vjs=3,Active 5 days ago
Backend Developer,Infraveo Technologies Pvt. Ltd.,"₹60,000 - ₹95,000 a month",Remote,Not specified,/rc/clk?jk=5538ed07d301490c&bb=1WleVgRJwzEjRBo9Ed8V8p08dgg2epIJEzsjpgIA5yYBV9OLC3wqxcxZPcDaD4ONQ535cObaAlMkF1GISTL8I6N3kBCuXEVlHdF0WX2Hq5o%3D&xkcb=SoBX67M3DSdGQOgIkL0HbzkdCdPP&fccid=d13980a350549a80&cmp=Infraveo-Technologies-Pvt.-Ltd.&ti=Back+End+Developer&vjs=3,Active 21 days ago
Node js developer,Ultimez Technology,"₹25,000 - ₹41,000 a month",Remote,Not specified,/rc/clk?jk=b0f4257264d055c7&bb=1WleVgRJwzEjRBo9Ed8V8vuuZPyBr6gT5y_cjDfrDdu-A6mVxjon9zKgDWy6Xsegy-D44yRKgabFH9RMvaAmDZwXBTPCXddMEH0tknawGX0%3D&xkcb=SoDj67M3DSdGQOgIkL0GbzkdCdPP&fccid=d0710e829afbd6f4&cmp=Ultimez-Technology-Inc.&ti=Developer&vjs=3,Active 3 days ago
Python Backend Developer,Remunance,,Remote,Not specified,/rc/clk?jk=8c471bd922b2cdfd&bb=1WleVgRJwzEjRBo9Ed8V8jCDZUgsiQclCE_B8M11-28ZDP2c7bxnjP0pH_YJfW6-z5E9qNFrQNIYkZpLNGaYnOGrj2F1qUSSWiDkLs8i9J0%3D&xkcb=SoB-67M3DSdGQOgIkL0FbzkdCdPP&fccid=13faa59eee645d5d&vjs=3,Posted 2 days ago
Front End Developer,Resurge Technologies Pvt Ltd,"₹2,00,000 - ₹4,00,000 a year",Remote,Not specified,/rc/clk?jk=57b4680029d0f5a8&bb=Jx4l6Cp0vNNk5P8t-R3zWR8CVWzwxIFW9z_c5uYlWISd_kTW8kQw_zjYyQY8bmnReUqz9Xem0k-tO8QJTLTZuUI2-xcXHU9IHm4T71fb-iU%3D&xkcb=SoDP67M3DSdE6bR86J0KbzkdCdPP&fccid=1b0745811ce564e5&cmp=Resurge-Technologies-Pvt-Ltd&ti=Front+End+Developer&vjs=3,Active 16 days ago
Senior Backend Developer (WFH),absoluteAssist Services,"₹20,00,000 - ₹25,00,000 a year",Remote,Not specified,/rc/clk?jk=97958631347af464&bb=Jx4l6Cp0vNNk5P8t-R3zWSgknD83EATwzylilhpX0HnI4K0AzJoIO7X2knRLfysoexLJFo9JHMOHfvGZYsHNEYm_E10w_vZ-V0zedoyAQ3A%3D&xkcb=SoBS67M3DSdE6bR86J0JbzkdCdPP&fccid=d218e4dcc004350d&cmp=absoluteAssist-Services&ti=Back+End+Developer&vjs=3,Active 8 days ago
Python Developer (SDET),INT9 Solutions,"Up to ₹20,00,000 a year",Remote,Not specified,/rc/clk?jk=e0c548dd10a12e34&bb=Jx4l6Cp0vNNk5P8t-R3zWX3Vz9Ete5y259oB-Glh9iViENWmqWrwb2rkTf_NNRSLJZmlbABsBswWgxXjdTUzWfFa5cpIlQi8-vWag5Z3KQM%3D&xkcb=SoDm67M3DSdE6bR86J0IbzkdCdPP&fccid=8bb5ec5687fe00a6&cmp=INT9-Solutions&ti=Python+Developer&vjs=3,Active 3 days ago
Backend Developer - Laravel + Node,Weblianz Solutions,"₹1,80,000 - ₹6,00,000 a year",Remote,Not specified,/rc/clk?jk=462612aea165c012&bb=Jx4l6Cp0vNNk5P8t-R3zWX-rsO_zORSuxlGXGB2_sd3vKDasjRlJX6eYnD4IdYKWnwWgklz7WOPIjPIOol5oNPFhyGQolE01HrTdBgb5l0A%3D&xkcb=SoBo67M3DSdE6bR86J0PbzkdCdPP&fccid=4bf0598ef4567717&cmp=Weblianz-Solutions&ti=Back+End+Developer&vjs=3,Active 2 days ago
Full Stack Java Developer,Growth99,"₹35,000 - ₹50,000 a month",Remote,Not specified,/rc/clk?jk=d5d83066266661f8&bb=Jx4l6Cp0vNNk5P8t-R3zWablDEdf_U_v0TAez0H0xr-oPqOB3zdQ6Hp8Fr3OUzB5XKtO8e7SB3xdMSItCTkfrNXSf8LRPLnyLfC8poPx0UY%3D&xkcb=SoDc67M3DSdE6bR86J0ObzkdCdPP&fccid=a1cbda0c16c36f73&cmp=Growth99&ti=Full+Stack+Developer&vjs=3,Posted 2 days ago
Java Backend Developer,It consultant,"₹25,000 a month",Remote,Not specified,/rc/clk?jk=38d03417f1cc8890&bb=Jx4l6Cp0vNNk5P8t-R3zWQJ6FneQgz3a9XtLh2-bonujTMm3JYhXK_SzbGP70Hqiu14EXXMML4sc52_QrVCf78ZG-6ik1doYNSbBbDu40CI%3D&xkcb=SoBB67M3DSdE6bR86J0NbzkdCdPP&fccid=e67c45308f6c5ad9&cmp=Legavac-resource-solutions&ti=Back+End+Developer&vjs=3,Active 2 days ago
Senior Backend Developer,Dataabsolute software pvt.ltd,"₹9,00,000 - ₹10,00,000 a year",Remote,Not specified,/rc/clk?jk=cb5e7b03b9636cd5&bb=Jx4l6Cp0vNNk5P8t-R3zWUJDJweXyuvGBupk4FixwXDwG15Kl4HBIevntKxNUxBgsOFTuiHu0-dn_pvot3PTcRgP-2w5i_NENfjvxP-_xGQ%3D&xkcb=SoD167M3DSdE6bR86J0MbzkdCdPP&fccid=89dd4c72e3ee0e5e&cmp=Dataabsolute-software-pvt.ltd&ti=Back+End+Developer&vjs=3,Active 2 days ago
Backend Developer (5 to 6 Years),connektitude pvt. ltd.,"₹7,00,000 - ₹12,00,000 a year",Remote,Not specified,/rc/clk?jk=b3bea82f377cde69&bb=Jx4l6Cp0vNNk5P8t-R3zWbck9uiOWWV44jLOG-X-RUpP7UmaGudBea-ICF5k0uWaDU_Def6b41rHbvI4FBtUSNauZrjHHriJ4EqW9T82ypY%3D&xkcb=SoAc67M3DSdE6bR86J0DbzkdCdPP&fccid=c7efad85a8b28c4c&cmp=connektitude-pvt.-ltd.&ti=Back+End+Developer&vjs=3,Active 2 days ago
BackEnd Engineer (PYTHON),Advitha tech solutions,"₹25,00,000 - ₹35,00,000 a year",Remote,Not specified,/rc/clk?jk=a3fcf4dc43c9ce5e&bb=Jx4l6Cp0vNNk5P8t-R3zWSe77E63h_vRynWknpzfi2ygRDtakmLJId5B4eJGTiAEQYofQJ6UT0Pu51CITO6snWYMrZIrM9C5PbQ5XlVD56o%3D&xkcb=SoCo67M3DSdE6bR86J0CbzkdCdPP&fccid=f9ff5a417383f378&cmp=Advitha-tech-solutions&ti=Back+End+Developer&vjs=3,Active 2 days ago
Back End Developer,Elife,,Remote,Not specified,/rc/clk?jk=647f84f3bf3aa6ea&bb=Jx4l6Cp0vNNk5P8t-R3zWWDNLH-UZqlsDTZNrSaVGyl1ELhw71i8KqzpQ1UFazcpBvCc9qlPkyo4vMnXWg7MixpNsjD78Fwms3Jtpazl9q0%3D&xkcb=SoA167M3DSdE6bR86J0BbzkdCdPP&fccid=3c21c8d5f69933da&cmp=Elife&ti=Back+End+Developer&vjs=3,Active 3 days ago
Python IDP Developer,TrueFirms | An IT Staff Augmentation Marketplace,"₹10,00,000 - ₹25,00,000 a year",Remote,Not specified,/rc/clk?jk=9d0d6186017d716e&bb=Jx4l6Cp0vNNk5P8t-R3zWcvuLbgKNOFBPBIQcdRpLWMSRN36DgfRPJuXAvKhtoQacaa6gS8k6-TNkJKG5zmsq4WwJwL_7vzYfSbuVH8RTBE%3D&xkcb=SoCB67M3DSdE6bR86J0AbzkdCdPP&fccid=6f1f175988d15ac0&cmp=Softgetix&ti=Python+Developer&vjs=3,Active 2 days ago
Backend Developer,Codash Solutions,"₹1,00,000 - ₹1,20,000 a month",Remote,Not specified,/rc/clk?jk=b37fa72f675c1a25&bb=Jx4l6Cp0vNNk5P8t-R3zWUJ8IXHJ8TZYJwYDQONr3wyUxUTqs-1NtREMAI9vaF-ETZ_4WD5dThRcG5Khla1Vq0GikKdtUahcMHQGrKeTemQ%3D&xkcb=SoAP67M3DSdE6bR86J0HbzkdCdPP&fccid=76d59243bb56213a&cmp=Codash-Solutions&ti=Back+End+Developer&vjs=3,Active 2 days ago
WordPress Developer,cubicdash,"₹10,566.79 - ₹43,139.94 a month",Remote,Not specified,/rc/clk?jk=fcc36c9620ff3e00&bb=Jx4l6Cp0vNNk5P8t-R3zWVtLVLXjRMZ6FtEpIukhWbZ_g4lKwJtBV_u66ZaJwPd7GSQMCRy1sguQTsERQ82relS9hwqycEsDCS3Ut4AYmb4%3D&xkcb=SoC767M3DSdE6bR86J0GbzkdCdPP&fccid=7bdaa1c551652e3e&cmp=cubicdash&ti=Wordpress+Developer&vjs=3,Posted 2 days ago
Rust Developer (Backend Development),Giixa Infotech Pvt Ltd,"₹18,00,000 - ₹20,00,000 a year",Remote,Not specified,/rc/clk?jk=b378c8994f19fb0f&bb=Jx4l6Cp0vNNk5P8t-R3zWUFDdOnL0PmvAkFTTFw4PDjXKfjKPrirBj0p69rr1D2t1SowLOpPfcH5I752pY9gYEXZi8GspzyjDWNJ-WICST0%3D&xkcb=SoAm67M3DSdE6bR86J0FbzkdCdPP&fccid=7b189d1e231f2b4f&cmp=Class-Boxes-Technologies&ti=Back+End+Developer&vjs=3,Active 2 days ago
Full Stack Developer Intern,HealTether Healthcare Services Private Limited,"₹3,000 - ₹5,000 a month",Remote,Not specified,/rc/clk?jk=06f9ff45541c39d3&bb=Jx4l6Cp0vNNk5P8t-R3zWabi8Se-PaG_Wo5L_Co9gWmPQjZjMhbxXAbvrrFQIRa57IKuu-6FzZc-Q5ekmU9qCfFYTg3fGuB_WCRPhtCC4AY%3D&xkcb=SoCS67M3DSdE6bR86J0EbzkdCdPP&fccid=97f9bb47b3e91fad&cmp=HealTether-Healthcare-Services-Private-Limited&ti=Full+Stack+Developer&vjs=3,Active 2 days ago
Backend Developer,legaVac Legava,"From ₹1,00,000 a month",Remote,Not specified,/rc/clk?jk=cd25315d3294d4f3&bb=u067aWRuYBXlkME63RGWCi2b7FpLYAxCH1wDOowl4VkEvwQ0RMZF6riLJh-DJWVfnVpJsgBG1oUfVOLBLUsP7PwvIatHVKdkUk-UJ0DTlq4%3D&xkcb=SoCJ67M3DSdDtkAH6L0LbzkdCdPP&fccid=e67c45308f6c5ad9&cmp=Legavac-resource-solutions&ti=Back+End+Developer&vjs=3,Active 2 days ago
MERN Stack Developer,Ace Int. Pty Ltd,"₹20,000 - ₹30,000 a month",Remote,Not specified,/rc/clk?jk=96acaa975dbce950&bb=u067aWRuYBXlkME63RGWCswH5q8GD8teWJH0MsUd5yU2gfTmPlfi1rkVJ29yicdE7KvYQZGkexbYV7fLLWWeA31KuVeaQCE5eBnuo67oG5o%3D&xkcb=SoA967M3DSdDtkAH6L0KbzkdCdPP&fccid=971b25ff89050ada&cmp=Ace-Int.-Pty-Ltd&ti=Developer&vjs=3,Active 3 days ago
"ASP.NET MVC Developer - C#, Blazor, SQL Server",Keyideas Infotech Private Limited,"₹8,00,000 - ₹20,00,000 a year",Remote,Not specified,/rc/clk?jk=7b8066cb245782ef&bb=u067aWRuYBXlkME63RGWCq1nMJTuSGRTE15A8uy8pGvxtqbDCgqRij4DpWusBERTl3Ub9yL7Msx3XA-HAjwgdC_pZtxkNcHbO5qodK_ER60%3D&xkcb=SoCg67M3DSdDtkAH6L0JbzkdCdPP&fccid=88421554e87aa17a&cmp=Keyideas-Infotech-Private-Limited&ti=.NET+Developer&vjs=3,Active 9 days ago
Java Developer,V4Info Private Limited,"₹15,00,000 - ₹18,00,000 a year",Remote,Not specified,/rc/clk?jk=f6f0c9eb073119e1&bb=u067aWRuYBXlkME63RGWCmOViQxwN9ga3Gp9gfOrbImVI2LdtHRBvd_Emn0ZRIts9jhvOWrmrb6RlGDCTzE14oYsKuSPLTREbKVzLnP5Ro8%3D&xkcb=SoAU67M3DSdDtkAH6L0IbzkdCdPP&fccid=358c10d927fd8116&cmp=Systechcorp-Inc&ti=Java+Developer&vjs=3,Active 2 days ago
SQL Developer,Data PlatformExperts,"₹5,00,000 - ₹15,00,000 a year",Remote,Not specified,/rc/clk?jk=c21850ff2c861e09&bb=u067aWRuYBXlkME63RGWCkN03MCJhCfTZekAO-Jv6iMt0jAWtrO8AuC4Oi9_agFfmuqKNHyVt3m7PNlTi_dZrP08E8HqAsNBjrgiStkTSvQ%3D&xkcb=SoCa67M3DSdDtkAH6L0PbzkdCdPP&fccid=77368a98a372bbce&cmp=Data-PlatformExperts&ti=SQL+Developer&vjs=3,Active 2 days ago
Java Backend Developer,VATech Inc,"₹3,24,673.31 - ₹15,95,442.88 a year",Remote,Not specified,/rc/clk?jk=df6bdec6fff11d78&bb=u067aWRuYBXlkME63RGWCgGhvaA09-e89EiHuBEOsTjs9jF17wNfd8dM9KAElbbBMqIQut1QGkwXAn2Ns4Hel0jJd77uj9CyTyCDt1QwMg8%3D&xkcb=SoAu67M3DSdDtkAH6L0ObzkdCdPP&fccid=869ecc136de2fa7d&cmp=VATech-Inc&ti=Back+End+Developer&vjs=3,Active 2 days ago
Full Stack Developer,Ellty,From ₹400 an hour,Remote,Not specified,/rc/clk?jk=c8ef49a04dcf1a42&bb=u067aWRuYBXlkME63RGWCjd09I1K7eKIoi1zEgxtvDJfF4MEzEvZnnRHrKMZ9-fRpxx_tf-jPkLoXpy3GCCV4t4hdNeMK9QZQglh1y2VhZA%3D&xkcb=SoCz67M3DSdDtkAH6L0NbzkdCdPP&fccid=6ce83f6fa9c36a7a&cmp=Ellty&ti=Full+Stack+Developer&vjs=3,Active 6 days ago
Odoo Developer,RCK Enterprise Pvt. Ltd,"₹20,000 - ₹70,000 a month",Remote,Not specified,/rc/clk?jk=b8f3f831bc567a7d&bb=u067aWRuYBXlkME63RGWChOeJ9iTGwuO8bzfFf1Y7gF-07w64gTr7O4sz_fkbCePOE1264xRNqkTKna8BjnEKZliWAKnz7n0kgW00KV2e18%3D&xkcb=SoAH67M3DSdDtkAH6L0MbzkdCdPP&fccid=4c9f9915f94d04f0&cmp=RCK-SOLITERS-LLC&ti=Developer&vjs=3,Active 3 days ago
Front end developer,Akriti consulting,"₹1,600 an hour",Remote,Not specified,/rc/clk?jk=bd5cea8dbb2cf095&bb=u067aWRuYBXlkME63RGWCgowyU0XFEgULiHNjMhqK5EF8hA9fO31jzsMyPEKJYMsyzyziaw2M0LXDU8UquILcGvbvX-SIw_KSAXJCtrQpGc%3D&xkcb=SoDu67M3DSdDtkAH6L0DbzkdCdPP&fccid=f5d7a3d119d4762d&cmp=Akriti-Consulting&ti=Front+End+Developer&vjs=3,Posted 29 days ago
Web Developer,Stomer Corporation,"From ₹1,000 a month",Remote,Not specified,/rc/clk?jk=7e17f2c0fd3534be&bb=u067aWRuYBXlkME63RGWClGuRhYZvzj-CFcNFa5yeQ7gL1IVF8a6rj9shlr-oFGd9ZrYvKBlurwPeAVpYAB6kT3Jk3mF8D1znvzJYnRzvqg%3D&xkcb=SoBa67M3DSdDtkAH6L0CbzkdCdPP&fccid=fd962b17a261e5b9&cmp=Stomer-Corporation&ti=Web+Developer&vjs=3,Active 7 days ago
Software Developer( Returner Female Only ),CodeBlock Technologies Pvt. Ltd.,"From ₹5,00,000 a year",Remote,Not specified,/rc/clk?jk=9ed4d5fb11bd8a81&bb=u067aWRuYBXlkME63RGWCn3wKmrfNt586J8Ot1xyJZ6GaUfG1VK59qXyBYtMqbbQzdu0FX_NOC7vkJlwIvJ7Z2fVnaESg_fxtzqa0lHQwds%3D&xkcb=SoDH67M3DSdDtkAH6L0BbzkdCdPP&fccid=91bfdf8cdd0b0cf6&cmp=CodeBlock-Technologies%2C-India&ti=Software+Engineer&vjs=3,Active 2 days ago
Backend Engineer,DiligenceVault,,Remote,Not specified,/rc/clk?jk=ad7650291cda2db6&bb=u067aWRuYBXlkME63RGWCsrv3Li1aikBJLiiuhqIfYP6xjMgW5d0i1ikwztd382EQzyTHnLok5sVlPgvmoAgKdnv978bziM7Bv_Upjqb6dM%3D&xkcb=SoBz67M3DSdDtkAH6L0AbzkdCdPP&fccid=f3d7c9ccdb2f60db&vjs=3,Posted 15 days ago
Software Engineer (Python Developer),Sociosquare Digitech Private Limited,"Up to ₹15,00,000 a year",Remote,Not specified,/rc/clk?jk=b9440516eb5e5c63&bb=u067aWRuYBXlkME63RGWCmfksKsh-GzKcjACC_L8ZSdAww5c6lCu88ITXav6ODzd8ihsTmpLbmiwQIjxqdOFv3IpjRxaFFwO_wJT5oi2YB4%3D&xkcb=SoD967M3DSdDtkAH6L0HbzkdCdPP&fccid=e775ce25f630d03f&cmp=Sociosquare-Digitech-Private-Limited&ti=Software+Engineer&vjs=3,Active 3 days ago
React Developer,Appening Infotech,,Remote,Not specified,/rc/clk?jk=09991fbbdf31c36c&bb=u067aWRuYBXlkME63RGWCm5o_ykcjdGOozKwIT1F-G7JeA6Lg6X58RZEf7JKmCS6AhWV74R1Mz0AJ_ThTBxR7jpi-rzEPz1INYrVoBld9lo%3D&xkcb=SoBJ67M3DSdDtkAH6L0GbzkdCdPP&fccid=fc032f7045a866f1&vjs=3,Posted 10 days ago
Java Developer,Cloud Orbit Technologies,"₹3,02,866.84 - ₹14,56,999.25 a year",Remote,Not specified,/rc/clk?jk=e2803e6d28944cf3&bb=u067aWRuYBXlkME63RGWCogfdtIBB7ugBha25SuwieypRrVbL04qru-jvrLyppdo1GT3lbmLJ70BBhV-6jv-Tt_AJzVPKSPFksk_4EJ6B-E%3D&xkcb=SoDU67M3DSdDtkAH6L0FbzkdCdPP&fccid=1522b6857fc9d0ed&cmp=cloud-orbit-technologies&ti=Java+Developer&vjs=3,Active 2 days ago
Junior WordPress Developer,Reveation Labs,"Up to ₹3,00,000 a year",Remote,Not specified,/rc/clk?jk=90305070d4f320bf&bb=FXRHXAczOUe5XM-HaO1Di_qlzh46oWt1eMYHWKIQkQD13TTm3nzCb_uyYEQ_bCre7NuNd3PaovDiYjIu1XvIydHFdWuORNg6MkkFF03WAy4%3D&xkcb=SoDu67M3DSdAzyAIkL0KbzkdCdPP&fccid=70043be4d02355cf&cmp=Reveation-Labs&ti=Wordpress+Developer&vjs=3,Active 2 days ago
Java Developer,Neutara Technologies,,Remote,Not specified,/rc/clk?jk=b0d89609f6064aab&bb=FXRHXAczOUe5XM-HaO1Dix6puV4RpHf4ivjN9WrspmeEoLLlF4jkvtjwLPzRm892WXlWBXzPxvaPnAI-sR3RabY6k25eaeuoEaMQuaQoaGE%3D&xkcb=SoBz67M3DSdAzyAIkL0JbzkdCdPP&fccid=7d8810ace7b078c1&vjs=3,Posted 30+ days ago
Full Stack Developer,REDJEE Software Labs,"From ₹30,000 a month",Remote,Not specified,/rc/clk?jk=2c921bfffd2fd863&bb=FXRHXAczOUe5XM-HaO1Di99V0ki8LFPYPwSnvuBruT10kTTORj8ViKhP-n8ip9e5PLgbAX63-q-ih_sy4PjkxXG2M80ZeKmc373l4sugFhk%3D&xkcb=SoDH67M3DSdAzyAIkL0IbzkdCdPP&fccid=fc3cacc9515e2f64&cmp=REDJEE-Software-Labs&ti=Full+Stack+Developer&vjs=3,Active 2 days ago
Full Stack Developer,Hotspot Retail,"₹30,00,000 - ₹45,00,000 a year",Remote,Not specified,/rc/clk?jk=f8b2a86049814dfd&bb=FXRHXAczOUe5XM-HaO1DiwdC3mxnrbvGK4E25hX-SsHwwpum-wrNfuaq81pemeHZdYdDHAfBt7zh0Czufj_LlGYX20c3_UShLrQpRlBsAY0%3D&xkcb=SoBJ67M3DSdAzyAIkL0PbzkdCdPP&fccid=63f6af0762cfe481&cmp=Hotspot-Retail&ti=Full+Stack+Developer&vjs=3,Active 3 days ago
Web Developer,kartDaddy Online Services OPC (P) Ltd,"₹2,00,000 - ₹3,00,000 a year",Remote,Not specified,/rc/clk?jk=5892b222629e8036&bb=FXRHXAczOUe5XM-HaO1Di7wtoDpUPPsYzF1uEG0LrXg6aWXba5B_-EonU_WqQoE0yOAnEQn8u4E8C_S2n2Xc-XxnruAXa8Qona388KXq8rE%3D&xkcb=SoD967M3DSdAzyAIkL0ObzkdCdPP&fccid=dd616958bd9ddc12&cmp=kartDaddy-Online-Services-OPC-%28P%29-Ltd&ti=Web+Developer&vjs=3,Active 2 days ago
Java Developer,Sure4job Manpower Solutions,,Remote,Not specified,/rc/clk?jk=fbc31f3a5fa0399d&bb=FXRHXAczOUe5XM-HaO1Di3jFxQ0cWcej29cqrp45dnH-RQY0ek-vSOjp1ygvSIX-tOpS4SrITbXtmDcaRBBmJrLRup1OwtDRwAMF2_EXCzQ%3D&xkcb=SoBg67M3DSdAzyAIkL0NbzkdCdPP&fccid=e8d2ed5aa4ada8a2&cmp=Sure4job-Manpower-solutions&ti=Java+Developer&vjs=3,Posted 2 days ago
Python Developer,Bione,"₹70,000 - ₹80,000 a month",Remote,Not specified,/rc/clk?jk=3b67f8660dbb4aff&bb=FXRHXAczOUe5XM-HaO1Di4Nxp8jzeytbOlHE5lDw2LsLN4-0gw7ZQ6QtisONobo73kxu1S_K5SXOrpFmdzFIUv8y0SDI_RF1TPDWkKcZtGI%3D&xkcb=SoDU67M3DSdAzyAIkL0MbzkdCdPP&fccid=ddb3b9ad12fbc2d7&cmp=Bione&ti=Python+Developer&vjs=3,Active 2 days ago
Java Developer,Olibr,"₹15,00,000 - ₹30,00,000 a year",Remote,Not specified,/rc/clk?jk=5fe8e06deb164a89&bb=FXRHXAczOUe5XM-HaO1Di2w4EVu1FDCuKGhQ7IBp8wKFtebgn-vKHr4WKC6LAzkAev0E2YgqOaf8t3UO-cDvLf5AMpCCE8THkSclIWmJ5Ig%3D&xkcb=SoA967M3DSdAzyAIkL0DbzkdCdPP&fccid=0a420069a8b9978f&cmp=Global-Employees&ti=Java+Developer&vjs=3,Active 2 days ago
Contract Java Developer,Flipkoins,"From ₹30,000 a month",Remote,Not specified,/rc/clk?jk=3bbb2f8374c2245b&bb=FXRHXAczOUe5XM-HaO1Di7lW1d725xHKFyDp0CYVmxhg9ge58yybfudYAsWr4lmng0jyUNDIjvYHzA-SMIGvbBzjbkzt64G_bpijxHF3EwA%3D&xkcb=SoCJ67M3DSdAzyAIkL0CbzkdCdPP&fccid=86b865d91a167483&cmp=Flipkoins&ti=Java+Developer&vjs=3,Posted 1 day ago
"Software Development Engineer - 1, (Backend Developer)",Scrut Automation,,Remote,Not specified,/rc/clk?jk=9f0fe0e3efbc2dc6&bb=FXRHXAczOUe5XM-HaO1Di1otnG_IKW3PUVcVy11_JqWxIXKYVELnHH7VP8Q2KL71uMwITR9xCBsVzDJgO4CuhzZYbUdIkjY3pyPz5xnLu9g%3D&xkcb=SoAU67M3DSdAzyAIkL0BbzkdCdPP&fccid=5f3beca1c639f501&vjs=3,Posted 30+ days ago
Full Stack Developer,Suvizion Infotech,"₹4,50,000 - ₹6,00,000 a year",Remote,Not specified,/rc/clk?jk=72711e4ff1d92b3f&bb=FXRHXAczOUe5XM-HaO1DizbdYT1YzYpW-Se9LZ49wdqS5hhn4TYGtbybzR92nEMEZeK7SgzIkmRw6j0dSqKwt1kNKYdqx_OYoyqrQAhw1ZQ%3D&xkcb=SoCg67M3DSdAzyAIkL0AbzkdCdPP&fccid=8102fe49c04a61e4&cmp=Suvizion-Infotech&ti=Full+Stack+Developer&vjs=3,Active 2 days ago
Wordpress Developer,Nucleus Incorporation,"₹1,80,000 - ₹3,00,000 a year",Remote,Not specified,/rc/clk?jk=fed0b949cb708e17&bb=FXRHXAczOUe5XM-HaO1Di22WGYHrUIJg8icsR7Nzik_5_4p6IsrzLYab8lE4IiZKDJzLR_b8XZAEjP4NxjuXAr4nXfrU5wH-H3sgIkPjVgM%3D&xkcb=SoAu67M3DSdAzyAIkL0HbzkdCdPP&fccid=322b5072fca68811&cmp=Nucleus-Incorporation&ti=Wordpress+Developer&vjs=3,Posted 1 day ago
Android Developer Intern (Java),Codehop Interfusion Private Limited,"Up to ₹5,000 a month",Remote,Not specified,/rc/clk?jk=0d2164ea32f1251a&bb=FXRHXAczOUe5XM-HaO1DiwdNSkBc16EoBvZ8c_lg__ycaigy34eoXeE61_VHRCzAvkviHGX4pXte7BdasEckupxL2WRijAyWjwEuNMnMulU%3D&xkcb=SoCa67M3DSdAzyAIkL0GbzkdCdPP&fccid=cdbbd3a038af8f95&cmp=Codehop-Interfusion-Private-Limited&ti=Android+Developer&vjs=3,Active 2 days ago
Java Developer [React.js],Victrix Systems & Labs Pvt. Ltd.,"₹6,00,000 - ₹16,00,000 a year",Remote,Not specified,/rc/clk?jk=b5e0a85a371892d2&bb=FXRHXAczOUe5XM-HaO1Di2w4EVu1FDCu5lB4k-eFnnpxG0CHglZxEnrH41IeseEiyh3fOwE37reIcKdhmURvkiR-jvXQMEkRjv6nXRxXyR0%3D&xkcb=SoAH67M3DSdAzyAIkL0FbzkdCdPP&fccid=c07d66e54f26ac18&cmp=Victrix-Systems-%2526-Labs-Pvt.-Ltd.&ti=Java+Developer&vjs=3,Active 2 days ago
Next.Js Developer Fresher,Creative Web Solutions,,Remote,Not specified,/rc/clk?jk=f880d29a873350ee&bb=FXRHXAczOUe5XM-HaO1DizeWLr8GTCwus95f3YEkWp0fvYz8bCqiqBDHKkq5bvzhHRn3UOcopXCPnTpW-L4wJLrLT_KuqMJ5KhhX25oDil8%3D&xkcb=SoCz67M3DSdAzyAIkL0EbzkdCdPP&fccid=2a62b989a5e03c1b&vjs=3,Posted 17 days ago
